time,root_dist,x,y,z,rel_vel_mag,Re,alpha_deg,alpha_geom_deg,cl,cd,fx,fy,fz,end_effect_factor,c_ref_t,c_ref_n,f_ref_t,f_ref_n
0.00119048,0.362069,5,-1.9891,2.66464,9.1973,36366.1,-12.5141,11.419,-0.293513,0.202715,-10.3855,-8.48435,0.561954,0.686645,-0.225974,-0.276005,-0.566862,-0.692365
