time,root_dist,x,y,z,rel_vel_mag,Re,alpha_deg,alpha_geom_deg,cl,cd,fx,fy,fz,end_effect_factor,c_ref_t,c_ref_n,f_ref_t,f_ref_n
0.00119048,0.87931,5,-1.97423,2.88915,21.6796,42179.6,-1.26108,9.75102,0.152005,0.0172515,15.6895,-1.23001,0.0814685,0.394645,-0.0119826,0.152511,-0.0821801,1.04596
