time,root_dist,x,y,z,rel_vel_mag,Re,alpha_deg,alpha_geom_deg,cl,cd,fx,fy,fz,end_effect_factor,c_ref_t,c_ref_n,f_ref_t,f_ref_n
0.00119048,0.982759,5,-1.97125,2.93405,24.1783,42478.3,1.58744,11.4992,0.0969729,0.0267734,11.2952,-2.73844,0.181378,0.145411,-0.0237524,0.0977567,-0.182962,0.75301
