time,root_dist,x,y,z,rel_vel_mag,Re,alpha_deg,alpha_geom_deg,cl,cd,fx,fy,fz,end_effect_factor,c_ref_t,c_ref_n,f_ref_t,f_ref_n
0.00119048,0.293103,5,-1.99108,2.6347,7.53741,33657.2,-15.4984,12.4811,-0.267436,0.280729,-6.79749,-8.71259,0.577071,0.628268,-0.305947,-0.238175,-0.582112,-0.453166
