time,root_dist,x,y,z,rel_vel_mag,Re,alpha_deg,alpha_geom_deg,cl,cd,fx,fy,fz,end_effect_factor,c_ref_t,c_ref_n,f_ref_t,f_ref_n
0.00119048,0.637931,5,-1.98116,2.78438,15.8511,40912.4,-4.90822,9.90537,-0.0601817,0.031477,-4.2771,-2.49617,0.165332,0.686645,-0.0342893,-0.0586249,-0.166776,-0.28514
