time,root_dist,x,y,z,rel_vel_mag,Re,alpha_deg,alpha_geom_deg,cl,cd,fx,fy,fz,end_effect_factor,c_ref_t,c_ref_n,f_ref_t,f_ref_n
0.00119048,0.5,5,-1.98513,2.72451,12.5225,39395.1,-7.85737,10.5104,-0.301265,0.0805835,-16.422,-5.45372,0.361222,0.734012,-0.0984823,-0.295898,-0.364378,-1.0948
