time,root_dist,x,y,z,rel_vel_mag,Re,alpha_deg,alpha_geom_deg,cl,cd,fx,fy,fz,end_effect_factor,c_ref_t,c_ref_n,f_ref_t,f_ref_n
0.00119048,0.258621,5,-1.99207,2.61974,6.70872,31784.2,-17.4272,13.0239,-0.250916,0.331151,-5.0933,-8.54821,0.566183,0.591062,-0.357126,-0.212322,-0.571129,-0.339554
