time,root_dist,x,y,z,rel_vel_mag,Re,alpha_deg,alpha_geom_deg,cl,cd,fx,fy,fz,end_effect_factor,c_ref_t,c_ref_n,f_ref_t,f_ref_n
0.00119048,0.327586,5,-1.99009,2.64967,8.36702,35156.5,-13.8682,11.9528,-0.281685,0.238114,-8.57781,-8.66465,0.573896,0.660228,-0.262405,-0.259207,-0.578909,-0.571854
