time,root_dist,x,y,z,rel_vel_mag,Re,alpha_deg,alpha_geom_deg,cl,cd,fx,fy,fz,end_effect_factor,c_ref_t,c_ref_n,f_ref_t,f_ref_n
0.00119048,0.706897,5,-1.97918,2.81431,17.5161,41394.8,-3.78782,9.70355,0.0518906,0.024464,4.31432,-1.80852,0.119786,0.628268,-0.0222198,0.0528905,-0.120832,0.287622
