time,root_dist,x,y,z,rel_vel_mag,Re,alpha_deg,alpha_geom_deg,cl,cd,fx,fy,fz,end_effect_factor,c_ref_t,c_ref_n,f_ref_t,f_ref_n
0.00119048,0.810345,5,-1.97621,2.85921,20.0141,41920.3,-2.27746,9.61119,0.140333,0.0184698,13.3016,-1.243,0.0823293,0.502319,-0.0131981,0.140927,-0.0830485,0.886776
